task_id,method,rank,selection_tier,seed,generation_id,candidate_id,pass_rate,cost_usd,cost_usd_raw,duration_sec,status,failure_type
citation-check,no_skill,1,1,0,0,0,1.0,0.09799042814,0.100537,237.385725,pass,none
citation-check,no_skill,2,1,1,0,0,1.0,0.1754104281,0.177957,426.568868,pass,none
citation-check,no_skill,3,1,0,0,0,1.0,0.2039654281,0.206512,412.394063,pass,none
citation-check,no_skill,4,1,0,0,0,1.0,0.4615854281,0.464132,270.990991,pass,none
citation-check,no_skill,5,1,0,0,0,1.0,0.5941814281,0.596728,337.066302,pass,none
citation-check,no_skill,6,1,0,0,0,1.0,0.6464774281,0.649024,349.758033,pass,none
citation-check,no_skill,7,2,4,0,0,0.0,0.01,0.000221,0.0,timeout,agent_timeout
citation-check,no_skill,8,2,4,0,0,0.0,0.01,0.000221,0.0,timeout,agent_timeout
citation-check,no_skill,9,2,0,0,0,0.0,0.01,0.001621,5.834457,execution_error,agent_setup_error
citation-check,no_skill,10,2,0,0,0,0.0,0.01,0.00168,6.048223,execution_error,agent_setup_error
citation-check,original_skills,1,1,0,0,0,1.0,0.5115890642,0.224602,514.275327,pass,none
citation-check,original_skills,2,2,4,0,0,0.0,0.2872080642,0.000221,0.0,timeout,agent_timeout
citation-check,original_skills,3,2,0,0,0,0.0,0.2882950642,0.001308,4.708073,execution_error,agent_setup_error
citation-check,original_skills,4,2,0,0,0,0.0,0.2883140642,0.001327,4.777935,execution_error,agent_setup_error
citation-check,original_skills,5,2,1,0,0,0.0,0.2886430642,0.001656,5.962662,execution_error,agent_setup_error
citation-check,original_skills,6,2,1,0,0,0.0,0.2886570642,0.00167,6.010662,execution_error,agent_setup_error
citation-check,original_skills,7,2,0,0,0,0.0,0.2888240642,0.001837,6.614727,execution_error,agent_setup_error
citation-check,original_skills,8,2,0,0,0,0.0,0.2888380642,0.001851,6.663971,execution_error,agent_setup_error
citation-check,original_skills,9,2,2,0,0,0.0,0.2899590642,0.002972,10.697805,execution_error,infra_error
citation-check,original_skills,10,2,4,0,0,0.0,0.2901430642,0.003156,10.565545,execution_error,verifier_incomplete
citation-check,skillmoo,1,1,0,2,0,1.0,0.049466346,0.158017,456.584353,pass,none
citation-check,skillmoo,2,1,0,1,0,1.0,0.073125346,0.181676,302.275348,pass,none
citation-check,skillmoo,3,1,0,1,0,1.0,0.096760346,0.205311,481.092783,pass,none
citation-check,skillmoo,4,1,0,0,0,1.0,0.106233346,0.214784,526.394765,pass,none
citation-check,skillmoo,5,1,0,2,3,1.0,0.163167346,0.271718,649.721636,pass,none
citation-check,skillmoo,6,1,0,0,0,1.0,0.266829346,0.37538,0.0,pass,none
citation-check,skillmoo,7,1,0,1,2,1.0,0.433101346,0.541652,352.827647,pass,none
citation-check,skillmoo,8,1,0,1,1,1.0,0.550056346,0.658607,555.816357,pass,none
citation-check,skillmoo,9,1,0,1,3,1.0,0.733922346,0.842473,715.19703,pass,none
citation-check,skillmoo,10,2,1,0,0,0.0,0.01,0.000656,0.0,timeout,agent_timeout
data-to-d3,no_skill,1,1,0,0,0,0.8444444444444444,0.2436812071,0.139528,199.525531,fail,none
data-to-d3,no_skill,2,1,0,0,0,0.8444444444444444,0.7972202071,0.693067,363.923209,fail,none
data-to-d3,no_skill,3,1,9,0,0,0.8,0.2447302071,0.140577,182.89441,fail,none
data-to-d3,no_skill,4,1,6,0,0,0.7777777777777778,0.2469082071,0.142755,250.603478,fail,none
data-to-d3,no_skill,5,1,1,0,0,0.0222222222222222,0.1381302071,0.033977,35.833854,fail,none
data-to-d3,no_skill,6,2,1,0,0,0.0,0.1055032071,0.00135,4.861424,execution_error,agent_setup_error
data-to-d3,no_skill,7,2,2,0,0,0.0,0.1057762071,0.001623,5.84166,execution_error,agent_setup_error
data-to-d3,no_skill,8,2,0,0,0,0.0,0.1057802071,0.001627,5.857208,execution_error,agent_setup_error
data-to-d3,no_skill,9,2,2,0,0,0.0,0.1057812071,0.001628,5.860121,execution_error,agent_setup_error
data-to-d3,no_skill,10,2,0,0,0,0.0,0.1058602071,0.001707,6.144327,execution_error,agent_setup_error
data-to-d3,original_skills,1,1,0,0,0,0.8,0.5281114454,0.292225,204.396735,fail,none
data-to-d3,original_skills,2,1,6,0,0,0.8,0.6210404454,0.385154,172.902855,fail,none
data-to-d3,original_skills,3,1,9,0,0,0.0222222222222222,0.2753184454,0.039432,50.559768,fail,none
data-to-d3,original_skills,4,2,2,0,0,0.0,0.2374864454,0.0016,5.758909,execution_error,agent_setup_error
data-to-d3,original_skills,5,2,2,0,0,0.0,0.2374984454,0.001612,5.803338,execution_error,agent_setup_error
data-to-d3,original_skills,6,2,1,0,0,0.0,0.2375604454,0.001674,6.025588,execution_error,agent_setup_error
data-to-d3,original_skills,7,2,0,0,0,0.0,0.2375684454,0.001682,6.053845,execution_error,agent_setup_error
data-to-d3,original_skills,8,2,1,0,0,0.0,0.2375844454,0.001698,6.111054,execution_error,agent_setup_error
data-to-d3,original_skills,9,2,0,0,0,0.0,0.2375934454,0.001707,6.143917,execution_error,agent_setup_error
data-to-d3,original_skills,10,2,4,0,0,0.0,0.2389744454,0.003088,10.325056,execution_error,verifier_incomplete
data-to-d3,skillmoo,1,1,0,1,3,0.9333333333333332,0.1450322,0.162386,264.721211,fail,none
data-to-d3,skillmoo,2,1,0,0,2,0.9111111111111112,0.2338522,0.251206,202.189591,fail,none
data-to-d3,skillmoo,3,1,0,2,3,0.9111111111111112,0.4259262,0.44328,242.716762,fail,none
data-to-d3,skillmoo,4,1,0,2,0,0.9111111111111112,0.4353662,0.45272,210.010009,fail,none
data-to-d3,skillmoo,5,1,0,0,3,0.8888888888888888,0.0894102,0.106764,210.993685,fail,none
data-to-d3,skillmoo,6,1,0,1,1,0.8666666666666667,0.1549892,0.172343,295.525399,fail,none
data-to-d3,skillmoo,7,1,0,1,0,0.8666666666666667,0.2242922,0.241646,244.114522,fail,none
data-to-d3,skillmoo,8,1,0,2,1,0.8666666666666667,0.2441732,0.261527,476.644942,fail,none
data-to-d3,skillmoo,9,1,0,1,0,0.8666666666666667,0.2927752,0.310129,181.857109,fail,none
data-to-d3,skillmoo,10,1,0,0,0,0.8444444444444444,0.2184432,0.235797,216.591863,fail,none
dialogue-parser,no_skill,1,1,5,0,0,0.9,0.2634944422,0.081415,152.656498,fail,none
dialogue-parser,no_skill,2,1,0,0,0,0.9,0.2805334422,0.098454,212.670993,fail,none
dialogue-parser,no_skill,3,1,0,0,0,0.85,0.4486014422,0.266522,674.625393,fail,none
dialogue-parser,no_skill,4,1,0,0,0,0.825,0.2744854422,0.092406,199.024276,fail,none
dialogue-parser,no_skill,5,2,0,0,0,0.0,0.1841294422,0.00205,7.37872,execution_error,agent_setup_error
dialogue-parser,no_skill,6,2,1,0,0,0.0,0.1841604422,0.002081,7.491375,execution_error,agent_setup_error
dialogue-parser,no_skill,7,2,4,0,0,0.0,0.1848284422,0.002749,9.896898,execution_error,agent_setup_error
dialogue-parser,no_skill,8,2,3,0,0,0.0,0.1857424422,0.003663,13.18608,execution_error,agent_setup_error
dialogue-parser,no_skill,9,2,8,0,0,0.0,0.1863764422,0.004297,15.469503,execution_error,agent_setup_error
dialogue-parser,no_skill,10,2,8,0,0,0.0,0.1863774422,0.004298,15.474374,execution_error,agent_setup_error
dialogue-parser,original_skills,1,1,5,0,0,0.9,0.3219481406,0.100892,140.250091,fail,none
dialogue-parser,original_skills,2,1,0,0,0,0.9,0.3880321406,0.166976,344.254289,fail,none
dialogue-parser,original_skills,3,1,0,0,0,0.875,0.4679251406,0.246869,470.544556,fail,none
dialogue-parser,original_skills,4,1,9,0,0,0.875,0.8191641406,0.598108,245.113535,fail,none
dialogue-parser,original_skills,5,2,1,0,0,0.0,0.2222771406,0.001221,4.394489,execution_error,agent_setup_error
dialogue-parser,original_skills,6,2,2,0,0,0.0,0.2224841406,0.001428,5.142078,execution_error,agent_setup_error
dialogue-parser,original_skills,7,2,0,0,0,0.0,0.2227661406,0.00171,6.157712,execution_error,agent_setup_error
dialogue-parser,original_skills,8,2,6,0,0,0.0,0.2248191406,0.003763,13.546038,execution_error,agent_setup_error
dialogue-parser,original_skills,9,2,8,0,0,0.0,0.2254461406,0.00439,15.803811,execution_error,agent_setup_error
dialogue-parser,original_skills,10,2,7,0,0,0.0,0.2257601406,0.004704,16.932728,execution_error,agent_setup_error
dialogue-parser,skillmoo,1,1,0,0,2,0.9,0.047509282,0.160243,441.473301,fail,none
dialogue-parser,skillmoo,2,1,0,1,3,0.9,0.314723282,0.427457,368.346661,fail,none
dialogue-parser,skillmoo,3,1,0,0,0,0.9,0.493778282,0.606512,808.90116,fail,none
dialogue-parser,skillmoo,4,1,0,2,3,0.875,0.100760282,0.213494,331.10476,fail,none
dialogue-parser,skillmoo,5,1,0,2,0,0.875,0.267366282,0.3801,403.09382,fail,none
dialogue-parser,skillmoo,6,1,0,2,2,0.875,0.327702282,0.440436,278.116164,fail,none
dialogue-parser,skillmoo,7,1,0,2,1,0.875,0.432836282,0.54557,319.273595,fail,none
dialogue-parser,skillmoo,8,1,0,0,0,0.875,0.493397282,0.606131,499.625492,fail,none
dialogue-parser,skillmoo,9,1,0,1,2,0.825,0.178186282,0.29092,550.285154,fail,none
dialogue-parser,skillmoo,10,2,0,0,1,0.0,0.01,0.007345,0.0,timeout,agent_timeout
enterprise-information-search,no_skill,1,1,0,0,0,0.8,0.4850674966,0.717491,326.822966,fail,none
enterprise-information-search,no_skill,2,1,1,0,0,0.725,0.01,0.203996,264.078276,fail,none
enterprise-information-search,no_skill,3,1,0,0,0,0.7,2.480928497,2.713352,0.0,fail,none
enterprise-information-search,no_skill,4,1,0,0,0,0.025,0.1771614966,0.409585,668.20226,timeout,agent_timeout
enterprise-information-search,no_skill,5,2,0,0,0,0.0,0.01,0.001646,0.0,timeout,agent_timeout
enterprise-information-search,no_skill,6,2,9,0,0,0.0,0.01,0.003828,13.780016,execution_error,agent_setup_error
enterprise-information-search,no_skill,7,2,2,0,0,0.0,0.01,0.00553,19.909007,execution_error,agent_setup_error
enterprise-information-search,no_skill,8,2,6,0,0,0.0,0.01,0.008459,30.452275,execution_error,agent_setup_error
enterprise-information-search,no_skill,9,2,7,0,0,0.0,0.01,0.010748,38.693837,execution_error,agent_setup_error
enterprise-information-search,no_skill,10,2,7,0,0,0.0,0.01,0.010885,39.185028,execution_error,agent_setup_error
enterprise-information-search,original_skills,1,2,1,0,0,0.0,0.4039788313,0.001807,6.50368,execution_error,agent_setup_error
enterprise-information-search,original_skills,2,2,0,0,0,0.0,0.4047208313,0.002549,9.175924,execution_error,agent_setup_error
enterprise-information-search,original_skills,3,2,2,0,0,0.0,0.4078018313,0.00563,20.266435,execution_error,agent_setup_error
enterprise-information-search,original_skills,4,2,1,0,0,0.0,0.4092238313,0.007052,25.387721,execution_error,agent_setup_error
enterprise-information-search,original_skills,5,2,0,0,0,0.0,0.4094418313,0.00727,26.172214,execution_error,agent_setup_error
enterprise-information-search,original_skills,6,2,6,0,0,0.0,0.4106148313,0.008443,30.395575,execution_error,agent_setup_error
enterprise-information-search,original_skills,7,2,7,0,0,0.0,0.4106218313,0.00845,30.421508,execution_error,agent_setup_error
enterprise-information-search,original_skills,8,2,6,0,0,0.0,0.4112678313,0.009096,32.744607,execution_error,agent_setup_error
enterprise-information-search,original_skills,9,2,8,0,0,0.0,0.4130098313,0.010838,39.017541,execution_error,agent_setup_error
enterprise-information-search,original_skills,10,2,3,0,0,0.0,0.4132298313,0.011058,39.810471,execution_error,agent_setup_error
enterprise-information-search,skillmoo,1,1,0,1,0,0.75,0.2778496,0.174394,288.989789,fail,none
enterprise-information-search,skillmoo,2,1,0,0,2,0.75,0.4300766,0.326621,828.455674,fail,none
enterprise-information-search,skillmoo,3,1,0,1,0,0.75,0.6556186,0.552163,406.877178,fail,none
enterprise-information-search,skillmoo,4,1,0,2,0,0.75,0.7770106,0.673555,534.632049,fail,none
enterprise-information-search,skillmoo,5,1,0,0,3,0.725,0.3103296,0.206874,305.662353,fail,none
enterprise-information-search,skillmoo,6,1,0,0,0,0.65,0.2733526,0.169897,365.066333,fail,none
enterprise-information-search,skillmoo,7,1,0,2,3,0.025,0.1042006,0.000745,0.0,fail,none
enterprise-information-search,skillmoo,8,1,0,1,2,0.025,0.1247786,0.021323,74.079026,execution_error,NonZeroAgentExitCodeError
enterprise-information-search,skillmoo,9,1,0,2,2,0.025,0.2087926,0.105337,376.532276,execution_error,NonZeroAgentExitCodeError
enterprise-information-search,skillmoo,10,2,0,1,1,0.0,0.1042006,0.000745,0.0,fail,verifier_incomplete
fix-build-google-auto,no_skill,1,2,7,0,0,0.0,0.1250645247,0.000467,0.0,timeout,agent_timeout
fix-build-google-auto,no_skill,2,2,2,0,0,0.0,0.1282395247,0.003642,13.112563,execution_error,infra_error
fix-build-google-auto,no_skill,3,2,0,0,0,0.0,0.1301405247,0.005543,19.95556,infra_error,infra_error
fix-build-google-auto,no_skill,4,2,8,0,0,0.0,0.1323415247,0.007744,26.346947,execution_error,verifier_incomplete
fix-build-google-auto,no_skill,5,2,3,0,0,0.0,0.1336345247,0.009037,27.985561,execution_error,verifier_incomplete
fix-build-google-auto,no_skill,6,2,6,0,0,0.0,0.1354785247,0.010881,37.490622,execution_error,verifier_incomplete
fix-build-google-auto,no_skill,7,2,7,0,0,0.0,0.1365035247,0.011906,41.180449,execution_error,verifier_incomplete
fix-build-google-auto,no_skill,8,2,6,0,0,0.0,0.1389985247,0.014401,50.01198,execution_error,verifier_incomplete
fix-build-google-auto,no_skill,9,2,8,0,0,0.0,0.1404775247,0.01588,55.334956,execution_error,verifier_incomplete
fix-build-google-auto,no_skill,10,2,0,0,0,0.0,0.1415555247,0.016958,61.047931,infra_error,infra_error
fix-build-google-auto,original_skills,1,2,3,0,0,0.0,0.1598361865,0.000862,3.102109,infra_error,infra_error
fix-build-google-auto,original_skills,2,2,3,0,0,0.0,0.1614261865,0.002452,8.825587,execution_error,agent_setup_error
fix-build-google-auto,original_skills,3,2,2,0,0,0.0,0.1626161865,0.003642,13.112981,execution_error,infra_error
fix-build-google-auto,original_skills,4,2,1,0,0,0.0,0.1746711865,0.015697,55.533372,execution_error,verifier_incomplete
fix-build-google-auto,original_skills,5,2,0,0,0,0.0,0.1807161865,0.021742,78.272722,infra_error,infra_error
fix-build-google-auto,original_skills,6,2,1,0,0,0.0,0.1980961865,0.039122,55.984778,execution_error,verifier_incomplete
fix-build-google-auto,original_skills,7,2,5,0,0,0.0,0.2099731865,0.050999,97.561113,execution_error,verifier_incomplete
fix-build-google-auto,original_skills,8,2,7,0,0,0.0,0.2118891865,0.052915,186.348864,execution_error,verifier_incomplete
fix-build-google-auto,original_skills,9,2,8,0,0,0.0,0.2124431865,0.053469,188.344543,execution_error,verifier_incomplete
fix-build-google-auto,original_skills,10,2,6,0,0,0.0,0.2136101865,0.054636,192.544484,execution_error,verifier_incomplete
fix-build-google-auto,skillmoo,1,1,0,1,0,0.8,0.273395508,0.432945,682.506601,fail,none
fix-build-google-auto,skillmoo,2,1,0,2,3,0.7,1.330305508,1.489855,859.334692,fail,none
fix-build-google-auto,skillmoo,3,1,0,1,0,0.45,0.01,0.044504,157.443175,execution_error,NonZeroAgentExitCodeError
fix-build-google-auto,skillmoo,4,1,0,1,1,0.45,0.01,0.046047,162.921932,execution_error,NonZeroAgentExitCodeError
fix-build-google-auto,skillmoo,5,1,0,0,2,0.45,0.01,0.051678,183.269823,execution_error,NonZeroAgentExitCodeError
fix-build-google-auto,skillmoo,6,1,0,1,3,0.45,0.01,0.085802,306.169649,execution_error,NonZeroAgentExitCodeError
fix-build-google-auto,skillmoo,7,1,0,1,2,0.45,0.01,0.138268,494.973787,execution_error,NonZeroAgentExitCodeError
fix-build-google-auto,skillmoo,8,1,0,2,3,0.45,0.01,0.162555,582.481725,execution_error,NonZeroAgentExitCodeError
fix-build-google-auto,skillmoo,9,2,0,0,1,0.0,0.01,0.000751,0.0,timeout,agent_timeout
fix-build-google-auto,skillmoo,10,2,0,0,0,0.0,0.01,0.000756,0.0,timeout,agent_timeout
flink-query,no_skill,1,2,0,0,0,0.0,1.000499274,0.002461,8.858126,infra_error,infra_error
flink-query,no_skill,2,2,0,0,0,0.0,1.000542274,0.002504,9.014671,infra_error,infra_error
flink-query,no_skill,3,2,2,0,0,0.0,1.001306274,0.003268,10.987174,execution_error,verifier_incomplete
flink-query,no_skill,4,2,8,0,0,0.0,1.010076274,0.012038,41.651085,execution_error,verifier_incomplete
flink-query,no_skill,5,2,7,0,0,0.0,1.012454274,0.014416,50.062134,execution_error,verifier_incomplete
flink-query,no_skill,6,2,8,0,0,0.0,1.013972274,0.015934,55.527994,execution_error,verifier_incomplete
flink-query,no_skill,7,2,0,0,0,0.0,1.014980274,0.016942,60.98946,infra_error,infra_error
flink-query,no_skill,8,2,0,0,0,0.0,1.014981274,0.016943,60.994224,infra_error,infra_error
flink-query,no_skill,9,2,3,0,0,0.0,1.031799274,0.033761,31.747841,execution_error,verifier_incomplete
flink-query,no_skill,10,2,9,0,0,0.0,1.044226274,0.046188,75.522209,execution_error,verifier_incomplete
flink-query,original_skills,1,2,2,0,0,0.0,1.407341208,0.000216,0.0,timeout,agent_timeout
flink-query,original_skills,2,2,0,0,0,0.0,1.409589208,0.002464,8.871631,infra_error,infra_error
flink-query,original_skills,3,2,0,0,0,0.0,1.409636208,0.002511,9.039316,infra_error,infra_error
flink-query,original_skills,4,2,3,0,0,0.0,1.410509208,0.003384,12.182722,execution_error,execution_error
flink-query,original_skills,5,2,9,0,0,0.0,1.410832208,0.003707,13.3462,execution_error,infra_error
flink-query,original_skills,6,2,0,0,0,0.0,1.431743208,0.024618,0.0,timeout,agent_timeout
flink-query,original_skills,7,2,9,0,0,0.0,1.432300208,0.025175,0.0,timeout,agent_timeout
flink-query,original_skills,8,2,4,0,0,0.0,1.442037208,0.034912,38.315413,execution_error,verifier_incomplete
flink-query,original_skills,9,2,3,0,0,0.0,1.443499208,0.036374,40.7426,execution_error,verifier_incomplete
flink-query,original_skills,10,2,5,0,0,0.0,1.449644208,0.042519,63.079774,execution_error,verifier_incomplete
flink-query,skillmoo,1,2,0,0,1,0.0,1.136100467,0.000738,0.0,timeout,agent_timeout
flink-query,skillmoo,2,2,0,1,0,0.0,1.136100467,0.000738,0.0,timeout,agent_timeout
flink-query,skillmoo,3,2,0,0,0,0.0,1.136108467,0.000746,0.0,timeout,agent_timeout
flink-query,skillmoo,4,2,0,0,2,0.0,1.136110467,0.000748,0.0,fail,verifier_incomplete
flink-query,skillmoo,5,2,0,2,2,0.0,1.137019467,0.001657,5.964521,execution_error,agent_setup_error
flink-query,skillmoo,6,2,0,2,0,0.0,1.137029467,0.001667,6.000478,execution_error,agent_setup_error
flink-query,skillmoo,7,2,0,2,1,0.0,1.137029467,0.001667,5.999913,execution_error,agent_setup_error
flink-query,skillmoo,8,2,0,1,2,0.0,1.137046467,0.001684,6.061681,execution_error,agent_setup_error
flink-query,skillmoo,9,2,0,2,3,0.0,1.137047467,0.001685,6.067062,execution_error,agent_setup_error
flink-query,skillmoo,10,2,0,1,3,0.0,1.137074467,0.001712,6.163413,execution_error,agent_setup_error
gh-repo-analytics,no_skill,1,1,5,0,0,0.725,0.2933759873,0.237319,151.060822,fail,none
gh-repo-analytics,no_skill,2,1,9,0,0,0.725,0.3961329873,0.340076,345.684842,fail,none
gh-repo-analytics,no_skill,3,1,0,0,0,0.725,0.4852089873,0.429152,568.030767,fail,none
gh-repo-analytics,no_skill,4,1,0,0,0,0.025,0.1590189873,0.102962,112.062982,fail,none
gh-repo-analytics,no_skill,5,2,2,0,0,0.0,0.05771598726,0.001659,0.0,timeout,agent_timeout
gh-repo-analytics,no_skill,6,2,0,0,0,0.0,0.05848698726,0.00243,8.747869,infra_error,infra_error
gh-repo-analytics,no_skill,7,2,0,0,0,0.0,0.05864698726,0.00259,9.325388,infra_error,infra_error
gh-repo-analytics,no_skill,8,2,4,0,0,0.0,0.06710998726,0.011053,39.031862,infra_error,verifier_incomplete
gh-repo-analytics,no_skill,9,2,3,0,0,0.0,0.06796198726,0.011905,38.354205,infra_error,verifier_incomplete
gh-repo-analytics,no_skill,10,2,3,0,0,0.0,0.06881798726,0.012761,40.991669,infra_error,verifier_incomplete
gh-repo-analytics,original_skills,1,1,9,0,0,0.725,0.5742642586,0.479604,252.736605,fail,none
gh-repo-analytics,original_skills,2,1,8,0,0,0.725,0.7904642586,0.695804,864.324447,fail,none
gh-repo-analytics,original_skills,3,1,0,0,0,0.025,0.1481932586,0.053533,98.287189,fail,none
gh-repo-analytics,original_skills,4,1,5,0,0,0.025,0.1562482586,0.061588,126.843068,fail,none
gh-repo-analytics,original_skills,5,1,1,0,0,0.025,0.2410862586,0.146426,68.869093,fail,none
gh-repo-analytics,original_skills,6,2,0,0,0,0.0,0.09708525858,0.002425,8.728456,infra_error,infra_error
gh-repo-analytics,original_skills,7,2,0,0,0,0.0,0.09725625858,0.002596,9.346621,infra_error,infra_error
gh-repo-analytics,original_skills,8,2,3,0,0,0.0,0.09858625858,0.003926,14.135399,execution_error,agent_setup_error
gh-repo-analytics,original_skills,9,2,2,0,0,0.0,0.09966525858,0.005005,0.0,timeout,agent_timeout
gh-repo-analytics,original_skills,10,2,7,0,0,0.0,0.1021062586,0.007446,25.273126,infra_error,verifier_incomplete
gh-repo-analytics,skillmoo,1,1,0,2,0,0.725,0.1917642,0.087622,122.531365,fail,none
gh-repo-analytics,skillmoo,2,1,0,0,0,0.725,0.6956922,0.59155,215.245395,fail,none
gh-repo-analytics,skillmoo,3,1,0,0,0,0.025,0.1148092,0.010667,36.059101,execution_error,NonZeroAgentExitCodeError
gh-repo-analytics,skillmoo,4,1,0,2,1,0.025,0.1165072,0.012365,42.171095,execution_error,NonZeroAgentExitCodeError
gh-repo-analytics,skillmoo,5,1,0,2,0,0.025,0.1165192,0.012377,42.212502,execution_error,NonZeroAgentExitCodeError
gh-repo-analytics,skillmoo,6,1,0,2,2,0.025,0.1183382,0.014196,48.760334,execution_error,NonZeroAgentExitCodeError
gh-repo-analytics,skillmoo,7,1,0,1,2,0.025,0.1184252,0.014283,49.073557,execution_error,NonZeroAgentExitCodeError
gh-repo-analytics,skillmoo,8,1,0,1,1,0.025,0.1186272,0.014485,49.803882,execution_error,NonZeroAgentExitCodeError
gh-repo-analytics,skillmoo,9,1,0,1,0,0.025,0.2222682,0.118126,51.39486,fail,none
gh-repo-analytics,skillmoo,10,2,0,1,3,0.0,0.1057742,0.001632,5.876009,execution_error,agent_setup_error
jax-computing-basics,no_skill,1,1,0,0,0,0.9534883720930232,0.475581304,0.291304,265.640258,fail,none
jax-computing-basics,no_skill,2,1,0,0,0,0.9302325581395348,0.296087304,0.11181,315.713766,fail,none
jax-computing-basics,no_skill,3,2,1,0,0,0.0,0.185048304,0.000771,2.777242,infra_error,infra_error
jax-computing-basics,no_skill,4,2,0,0,0,0.0,0.185549304,0.001272,4.580561,execution_error,agent_setup_error
jax-computing-basics,no_skill,5,2,0,0,0,0.0,0.185930304,0.001653,5.950079,execution_error,agent_setup_error
jax-computing-basics,no_skill,6,2,1,0,0,0.0,0.185952304,0.001675,6.028683,execution_error,agent_setup_error
jax-computing-basics,no_skill,7,2,1,0,0,0.0,0.186281304,0.002004,7.214602,execution_error,agent_setup_error
jax-computing-basics,no_skill,8,2,1,0,0,0.0,0.186944304,0.002667,9.60214,execution_error,infra_error
jax-computing-basics,no_skill,9,2,3,0,0,0.0,0.188138304,0.003861,13.899845,execution_error,agent_setup_error
jax-computing-basics,no_skill,10,2,2,0,0,0.0,0.189618304,0.005341,0.0,timeout,agent_timeout
jax-computing-basics,original_skills,1,2,1,0,0,0.0,0.3159084951,0.001659,5.970696,execution_error,agent_setup_error
jax-computing-basics,original_skills,2,2,1,0,0,0.0,0.3159164951,0.001667,6.001593,execution_error,agent_setup_error
jax-computing-basics,original_skills,3,2,1,0,0,0.0,0.3159174951,0.001668,6.004784,execution_error,agent_setup_error
jax-computing-basics,original_skills,4,2,0,0,0,0.0,0.3159244951,0.001675,6.029719,execution_error,agent_setup_error
jax-computing-basics,original_skills,5,2,0,0,0,0.0,0.3161094951,0.00186,6.697558,execution_error,agent_setup_error
jax-computing-basics,original_skills,6,2,4,0,0,0.0,0.3173804951,0.003131,10.493461,execution_error,verifier_incomplete
jax-computing-basics,original_skills,7,2,8,0,0,0.0,0.3177634951,0.003514,11.873134,execution_error,verifier_incomplete
jax-computing-basics,original_skills,8,2,7,0,0,0.0,0.3217274951,0.007478,25.386426,execution_error,verifier_incomplete
jax-computing-basics,original_skills,9,2,6,0,0,0.0,0.3220674951,0.007818,26.612605,execution_error,verifier_incomplete
jax-computing-basics,original_skills,10,2,6,0,0,0.0,0.3223724951,0.008123,27.708801,execution_error,verifier_incomplete
jax-computing-basics,skillmoo,1,1,0,0,0,0.9534883720930232,0.2577599,0.066667,149.505127,fail,none
jax-computing-basics,skillmoo,2,1,0,1,0,0.9534883720930232,0.4448869,0.253794,300.20132,fail,none
jax-computing-basics,skillmoo,3,1,0,2,0,0.9069767441860463,0.4872449,0.296152,292.245396,fail,none
jax-computing-basics,skillmoo,4,2,0,1,3,0.0,0.1913089,0.000216,0.0,timeout,agent_timeout
jax-computing-basics,skillmoo,5,2,0,1,2,0.0,0.1917449,0.000652,0.0,timeout,agent_timeout
jax-computing-basics,skillmoo,6,2,0,2,2,0.0,0.1927869,0.001694,6.0981,execution_error,agent_setup_error
jax-computing-basics,skillmoo,7,2,0,2,3,0.0,0.1928319,0.001739,6.258867,execution_error,agent_setup_error
jax-computing-basics,skillmoo,8,2,0,1,0,0.0,0.1930129,0.00192,6.910883,execution_error,agent_setup_error
jax-computing-basics,skillmoo,9,2,0,0,1,0.0,0.1931689,0.002076,7.472138,execution_error,agent_setup_error
jax-computing-basics,skillmoo,10,2,0,2,0,0.0,0.1931939,0.002101,7.563657,execution_error,agent_setup_error
parallel-tfidf-search,no_skill,1,1,0,0,0,0.975,1.731032289,1.09483,0.0,fail,none
parallel-tfidf-search,no_skill,2,2,9,0,0,0.0,0.6377652894,0.001563,0.0,timeout,agent_timeout
parallel-tfidf-search,no_skill,3,2,7,0,0,0.0,0.6403322894,0.00413,14.866604,execution_error,agent_setup_error
parallel-tfidf-search,no_skill,4,2,7,0,0,0.0,0.6403352894,0.004133,14.879961,execution_error,agent_setup_error
parallel-tfidf-search,no_skill,5,2,6,0,0,0.0,0.6406462894,0.004444,15.996733,execution_error,agent_setup_error
parallel-tfidf-search,no_skill,6,2,6,0,0,0.0,0.6406472894,0.004445,16.002159,execution_error,agent_setup_error
parallel-tfidf-search,no_skill,7,2,3,0,0,0.0,0.6506072894,0.014405,51.858538,execution_error,infra_error
parallel-tfidf-search,no_skill,8,2,2,0,0,0.0,0.6507012894,0.014499,51.433059,execution_error,verifier_incomplete
parallel-tfidf-search,no_skill,9,2,3,0,0,0.0,0.6511872894,0.014985,53.946731,execution_error,execution_error
parallel-tfidf-search,no_skill,10,2,0,0,0,0.0,0.6521612894,0.015959,57.450976,execution_error,infra_error
parallel-tfidf-search,original_skills,1,2,8,0,0,0.0,1.055072456,0.002612,9.401749,execution_error,agent_setup_error
parallel-tfidf-search,original_skills,2,2,9,0,0,0.0,1.055235456,0.002775,9.990126,execution_error,agent_setup_error
parallel-tfidf-search,original_skills,3,2,3,0,0,0.0,1.056050456,0.00359,12.924604,execution_error,agent_setup_error
parallel-tfidf-search,original_skills,4,2,6,0,0,0.0,1.056826456,0.004366,15.718547,execution_error,agent_setup_error
parallel-tfidf-search,original_skills,5,2,7,0,0,0.0,1.056826456,0.004366,15.71833,execution_error,agent_setup_error
parallel-tfidf-search,original_skills,6,2,6,0,0,0.0,1.056827456,0.004367,15.722564,execution_error,agent_setup_error
parallel-tfidf-search,original_skills,7,2,7,0,0,0.0,1.056833456,0.004373,15.744508,execution_error,agent_setup_error
parallel-tfidf-search,original_skills,8,2,9,0,0,0.0,1.059463456,0.007003,25.209523,execution_error,agent_setup_error
parallel-tfidf-search,original_skills,9,2,0,0,0,0.0,1.064567456,0.012107,43.585533,execution_error,agent_setup_error
parallel-tfidf-search,original_skills,10,2,0,0,0,0.0,1.064828456,0.012368,44.526589,execution_error,agent_setup_error
parallel-tfidf-search,skillmoo,1,1,0,1,3,1.0,1.3719659,0.593764,674.726328,pass,none
parallel-tfidf-search,skillmoo,2,2,0,2,0,0.0,0.7795329,0.001331,4.791066,infra_error,docker_error
parallel-tfidf-search,skillmoo,3,2,0,1,0,0.0,0.7795479,0.001346,4.844553,execution_error,agent_setup_error
parallel-tfidf-search,skillmoo,4,2,0,1,0,0.0,0.7809749,0.002773,9.983665,execution_error,agent_setup_error
parallel-tfidf-search,skillmoo,5,2,0,2,3,0.0,0.7810069,0.002805,10.098801,execution_error,agent_setup_error
parallel-tfidf-search,skillmoo,6,2,0,1,3,0.0,0.7860319,0.00783,28.186618,execution_error,agent_setup_error
parallel-tfidf-search,skillmoo,7,2,0,2,2,0.0,0.7904389,0.012237,41.693253,execution_error,NonZeroAgentExitCodeError
parallel-tfidf-search,skillmoo,8,2,0,0,0,0.0,0.7907709,0.012569,42.844397,execution_error,NonZeroAgentExitCodeError
parallel-tfidf-search,skillmoo,9,2,0,2,1,0.0,0.7912759,0.013074,44.705875,execution_error,NonZeroAgentExitCodeError
parallel-tfidf-search,skillmoo,10,2,0,2,3,0.0,0.7914239,0.013222,45.232071,execution_error,NonZeroAgentExitCodeError
react-performance-debugging,no_skill,1,2,0,0,0,0.0,0.7830312179,0.001547,0.0,timeout,agent_timeout
react-performance-debugging,no_skill,2,2,8,0,0,0.0,0.7850912179,0.003607,12.227022,execution_error,verifier_incomplete
react-performance-debugging,no_skill,3,2,4,0,0,0.0,0.7852122179,0.003728,13.421829,execution_error,infra_error
react-performance-debugging,no_skill,4,2,3,0,0,0.0,0.7855652179,0.004081,14.691151,execution_error,infra_error
react-performance-debugging,no_skill,5,2,3,0,0,0.0,0.7863042179,0.00482,17.352561,execution_error,infra_error
react-performance-debugging,no_skill,6,2,6,0,0,0.0,0.7893082179,0.007824,26.650222,execution_error,verifier_incomplete
react-performance-debugging,no_skill,7,2,7,0,0,0.0,0.7898652179,0.008381,28.657565,execution_error,verifier_incomplete
react-performance-debugging,no_skill,8,2,8,0,0,0.0,0.7926062179,0.011122,27.474265,execution_error,verifier_incomplete
react-performance-debugging,no_skill,9,2,6,0,0,0.0,0.7977362179,0.016252,56.690372,execution_error,verifier_incomplete
react-performance-debugging,no_skill,10,2,0,0,0,0.0,0.7989262179,0.017442,0.0,timeout,agent_timeout
react-performance-debugging,original_skills,1,1,5,0,0,0.0579710144927536,1.517407535,0.465307,850.259535,fail,none
react-performance-debugging,original_skills,2,2,8,0,0,0.0,1.052756535,0.000656,0.0,timeout,agent_timeout
react-performance-debugging,original_skills,3,2,9,0,0,0.0,1.055340535,0.00324,10.840903,execution_error,verifier_incomplete
react-performance-debugging,original_skills,4,2,4,0,0,0.0,1.055829535,0.003729,13.422761,execution_error,infra_error
react-performance-debugging,original_skills,5,2,6,0,0,0.0,1.055843535,0.003743,13.475791,execution_error,infra_error
react-performance-debugging,original_skills,6,2,7,0,0,0.0,1.060213535,0.008113,27.626851,execution_error,verifier_incomplete
react-performance-debugging,original_skills,7,2,6,0,0,0.0,1.068132535,0.016032,55.83175,execution_error,verifier_incomplete
react-performance-debugging,original_skills,8,2,7,0,0,0.0,1.068365535,0.016265,56.672162,execution_error,verifier_incomplete
react-performance-debugging,original_skills,9,2,0,0,0,0.0,1.068487535,0.016387,53.875551,execution_error,verifier_incomplete
react-performance-debugging,original_skills,10,2,4,0,0,0.0,1.083243535,0.031143,57.246492,execution_error,verifier_incomplete
react-performance-debugging,skillmoo,1,1,0,1,1,0.5942028985507246,0.532331,0.265036,574.598494,fail,none
react-performance-debugging,skillmoo,2,1,0,0,0,0.5942028985507246,1.185549,0.918254,772.176577,fail,none
react-performance-debugging,skillmoo,3,1,0,2,0,0.5942028985507246,1.459534,1.192239,615.311204,fail,none
react-performance-debugging,skillmoo,4,1,0,2,2,0.5797101449275363,1.11791,0.850615,790.345039,fail,none
react-performance-debugging,skillmoo,5,1,0,2,1,0.5797101449275363,1.379343,1.112048,880.625464,fail,none
react-performance-debugging,skillmoo,6,1,0,1,0,0.5652173913043478,0.973619,0.706324,588.812458,fail,none
react-performance-debugging,skillmoo,7,1,0,1,2,0.0579710144927536,1.386063,1.118768,0.0,fail,none
react-performance-debugging,skillmoo,8,2,0,0,2,0.0,0.267951,0.000656,0.0,timeout,agent_timeout
react-performance-debugging,skillmoo,9,2,0,0,0,0.0,0.271018,0.003723,11.011723,execution_error,NonZeroAgentExitCodeError
react-performance-debugging,skillmoo,10,2,0,2,2,0.0,0.271027,0.003732,13.436435,execution_error,NonZeroAgentExitCodeError
simpo-code-reproduction,no_skill,1,2,4,0,0,0.0,1.001131274,0.003186,11.470182,execution_error,agent_setup_error
simpo-code-reproduction,no_skill,2,2,6,0,0,0.0,1.001215274,0.00327,11.772168,execution_error,agent_setup_error
simpo-code-reproduction,no_skill,3,2,6,0,0,0.0,1.002255274,0.00431,15.516027,execution_error,agent_setup_error
simpo-code-reproduction,no_skill,4,2,7,0,0,0.0,1.002276274,0.004331,15.591395,execution_error,agent_setup_error
simpo-code-reproduction,no_skill,5,2,7,0,0,0.0,1.002487274,0.004542,16.3514,execution_error,agent_setup_error
simpo-code-reproduction,no_skill,6,2,4,0,0,0.0,1.011046274,0.013101,46.401712,execution_error,verifier_incomplete
simpo-code-reproduction,no_skill,7,2,0,0,0,0.0,1.015389274,0.017444,62.799856,infra_error,infra_error
simpo-code-reproduction,no_skill,8,2,1,0,0,0.0,1.021038274,0.023093,83.133804,execution_error,execution_error
simpo-code-reproduction,no_skill,9,2,0,0,0,0.0,1.043528274,0.045583,77.321524,execution_error,verifier_incomplete
simpo-code-reproduction,no_skill,10,2,0,0,0,0.0,1.044470274,0.046525,167.491198,execution_error,agent_setup_error
simpo-code-reproduction,original_skills,1,2,7,0,0,0.0,1.414580008,0.003167,11.399671,execution_error,agent_setup_error
simpo-code-reproduction,original_skills,2,2,6,0,0,0.0,1.415809008,0.004396,15.826448,execution_error,agent_setup_error
simpo-code-reproduction,original_skills,3,2,6,0,0,0.0,1.415829008,0.004416,15.895989,execution_error,agent_setup_error
simpo-code-reproduction,original_skills,4,2,7,0,0,0.0,1.415833008,0.00442,15.913325,execution_error,agent_setup_error
simpo-code-reproduction,original_skills,5,2,4,0,0,0.0,1.418730008,0.007317,26.34245,execution_error,agent_setup_error
simpo-code-reproduction,original_skills,6,2,4,0,0,0.0,1.424597008,0.013184,46.626866,execution_error,verifier_incomplete
simpo-code-reproduction,original_skills,7,2,3,0,0,0.0,1.433573008,0.02216,79.775894,execution_error,infra_error
simpo-code-reproduction,original_skills,8,2,2,0,0,0.0,1.434212008,0.022799,81.240691,execution_error,verifier_incomplete
simpo-code-reproduction,original_skills,9,2,1,0,0,0.0,1.434455008,0.023042,82.951511,execution_error,execution_error
simpo-code-reproduction,original_skills,10,2,1,0,0,0.0,1.439514008,0.028101,100.327365,execution_error,verifier_incomplete
simpo-code-reproduction,skillmoo,1,2,0,2,1,0.0,1.117946367,0.000733,0.0,fail,verifier_incomplete
simpo-code-reproduction,skillmoo,2,2,0,1,0,0.0,1.117963367,0.00075,0.0,timeout,agent_timeout
simpo-code-reproduction,skillmoo,3,2,0,0,1,0.0,1.120542367,0.003329,11.983803,execution_error,agent_setup_error
simpo-code-reproduction,skillmoo,4,2,0,1,0,0.0,1.135035367,0.017822,61.757787,execution_error,NonZeroAgentExitCodeError
simpo-code-reproduction,skillmoo,5,2,0,1,2,0.0,1.136162367,0.018949,65.817115,execution_error,NonZeroAgentExitCodeError
simpo-code-reproduction,skillmoo,6,2,0,2,1,0.0,1.136250367,0.019037,66.136522,execution_error,NonZeroAgentExitCodeError
simpo-code-reproduction,skillmoo,7,2,0,1,1,0.0,1.137702367,0.020489,71.426986,execution_error,NonZeroAgentExitCodeError
simpo-code-reproduction,skillmoo,8,2,0,2,0,0.0,1.151581367,0.034368,121.322418,execution_error,NonZeroAgentExitCodeError
simpo-code-reproduction,skillmoo,9,2,0,0,3,0.0,1.156659367,0.039446,139.605376,execution_error,NonZeroAgentExitCodeError
simpo-code-reproduction,skillmoo,10,2,0,2,3,0.0,1.156823367,0.03961,140.263437,execution_error,NonZeroAgentExitCodeError
taxonomy-tree-merge,no_skill,1,2,9,0,0,0.0,1.004244774,0.003174,11.427157,execution_error,agent_setup_error
taxonomy-tree-merge,no_skill,2,2,9,0,0,0.0,1.004303774,0.003233,11.637795,execution_error,agent_setup_error
taxonomy-tree-merge,no_skill,3,2,5,0,0,0.0,1.004369774,0.003299,11.877201,execution_error,agent_setup_error
taxonomy-tree-merge,no_skill,4,2,5,0,0,0.0,1.004477774,0.003407,12.266558,execution_error,agent_setup_error
taxonomy-tree-merge,no_skill,5,2,6,0,0,0.0,1.005358774,0.004288,15.437162,execution_error,agent_setup_error
taxonomy-tree-merge,no_skill,6,2,6,0,0,0.0,1.005392774,0.004322,15.560185,execution_error,agent_setup_error
taxonomy-tree-merge,no_skill,7,2,7,0,0,0.0,1.005470774,0.0044,15.838589,execution_error,agent_setup_error
taxonomy-tree-merge,no_skill,8,2,7,0,0,0.0,1.005564774,0.004494,16.179789,execution_error,agent_setup_error
taxonomy-tree-merge,no_skill,9,2,4,0,0,0.0,1.034061774,0.032991,84.529426,execution_error,verifier_incomplete
taxonomy-tree-merge,no_skill,10,2,0,0,0,0.0,1.071592774,0.070522,253.878792,infra_error,infra_error
taxonomy-tree-merge,original_skills,1,2,6,0,0,0.0,1.395662708,0.00319,11.482331,execution_error,agent_setup_error
taxonomy-tree-merge,original_skills,2,2,5,0,0,0.0,1.395753708,0.003281,11.812901,execution_error,agent_setup_error
taxonomy-tree-merge,original_skills,3,2,6,0,0,0.0,1.396789708,0.004317,15.541663,execution_error,agent_setup_error
taxonomy-tree-merge,original_skills,4,2,7,0,0,0.0,1.396909708,0.004437,15.972424,execution_error,agent_setup_error
taxonomy-tree-merge,original_skills,5,2,7,0,0,0.0,1.396920708,0.004448,16.014165,execution_error,agent_setup_error
taxonomy-tree-merge,original_skills,6,2,9,0,0,0.0,1.424451708,0.031979,63.777012,execution_error,verifier_incomplete
taxonomy-tree-merge,original_skills,7,2,5,0,0,0.0,1.444626708,0.052154,110.952482,execution_error,verifier_incomplete
taxonomy-tree-merge,original_skills,8,2,4,0,0,0.0,1.446424708,0.053952,84.390258,execution_error,verifier_incomplete
taxonomy-tree-merge,original_skills,9,2,9,0,0,0.0,1.471484708,0.079012,143.913665,execution_error,verifier_incomplete
taxonomy-tree-merge,original_skills,10,2,8,0,0,0.0,1.478107708,0.085635,223.695408,execution_error,verifier_incomplete
taxonomy-tree-merge,skillmoo,1,2,0,0,1,0.0,1.079742967,0.000663,0.0,timeout,agent_timeout
taxonomy-tree-merge,skillmoo,2,2,0,1,2,0.0,1.079742967,0.000663,0.0,timeout,agent_timeout
taxonomy-tree-merge,skillmoo,3,2,0,1,3,0.0,1.124562967,0.045483,161.350402,execution_error,NonZeroAgentExitCodeError
taxonomy-tree-merge,skillmoo,4,2,0,2,3,0.0,1.125041967,0.045962,163.074964,execution_error,NonZeroAgentExitCodeError
taxonomy-tree-merge,skillmoo,5,2,0,1,0,0.0,1.125218967,0.046139,163.713137,execution_error,NonZeroAgentExitCodeError
taxonomy-tree-merge,skillmoo,6,2,0,0,0,0.0,1.127412967,0.048333,171.612715,execution_error,NonZeroAgentExitCodeError
taxonomy-tree-merge,skillmoo,7,2,0,2,1,0.0,1.174784967,0.095705,342.152915,execution_error,NonZeroAgentExitCodeError
taxonomy-tree-merge,skillmoo,8,2,0,2,2,0.0,1.175452967,0.096373,344.557749,execution_error,NonZeroAgentExitCodeError
taxonomy-tree-merge,skillmoo,9,2,0,2,0,0.0,1.176684967,0.097605,348.990673,execution_error,NonZeroAgentExitCodeError
taxonomy-tree-merge,skillmoo,10,2,0,0,3,0.0,1.178020967,0.098941,353.80128,execution_error,NonZeroAgentExitCodeError
trend-anomaly-causal-inference,no_skill,1,2,6,0,0,0.0,0.9801458736,0.002483,8.937223,infra_error,infra_error
trend-anomaly-causal-inference,no_skill,2,2,6,0,0,0.0,0.9802058736,0.002543,9.153663,infra_error,infra_error
trend-anomaly-causal-inference,no_skill,3,2,7,0,0,0.0,0.9802438736,0.002581,9.289922,infra_error,infra_error
trend-anomaly-causal-inference,no_skill,4,2,7,0,0,0.0,0.9802738736,0.002611,9.400002,infra_error,infra_error
trend-anomaly-causal-inference,no_skill,5,2,5,0,0,0.0,1.030504874,0.052842,190.230986,infra_error,infra_error
trend-anomaly-causal-inference,no_skill,6,2,9,0,0,0.0,1.038576874,0.060914,219.29216,infra_error,infra_error
trend-anomaly-causal-inference,no_skill,7,2,4,0,0,0.0,1.038619874,0.060957,219.446231,infra_error,infra_error
trend-anomaly-causal-inference,no_skill,8,2,4,0,0,0.0,1.038636874,0.060974,219.507591,infra_error,infra_error
trend-anomaly-causal-inference,no_skill,9,2,5,0,0,0.0,1.038813874,0.061151,220.142062,infra_error,infra_error
trend-anomaly-causal-inference,no_skill,10,2,8,0,0,0.0,1.038815874,0.061153,220.152075,infra_error,infra_error
trend-anomaly-causal-inference,original_skills,1,2,6,0,0,0.0,1.397363408,0.002489,8.960895,infra_error,infra_error
trend-anomaly-causal-inference,original_skills,2,2,6,0,0,0.0,1.397372408,0.002498,8.99149,infra_error,infra_error
trend-anomaly-causal-inference,original_skills,3,2,7,0,0,0.0,1.397374408,0.0025,8.998325,infra_error,infra_error
trend-anomaly-causal-inference,original_skills,4,2,7,0,0,0.0,1.397396408,0.002522,9.079845,infra_error,infra_error
trend-anomaly-causal-inference,original_skills,5,2,3,0,0,0.0,1.401169408,0.006295,22.663797,timeout,agent_timeout
trend-anomaly-causal-inference,original_skills,6,2,0,0,0,0.0,1.433063408,0.038189,137.481803,timeout,agent_timeout
trend-anomaly-causal-inference,original_skills,7,2,9,0,0,0.0,1.455819408,0.060945,219.403783,infra_error,infra_error
trend-anomaly-causal-inference,original_skills,8,2,4,0,0,0.0,1.455840408,0.060966,219.476809,infra_error,infra_error
trend-anomaly-causal-inference,original_skills,9,2,4,0,0,0.0,1.455856408,0.060982,219.535477,infra_error,infra_error
trend-anomaly-causal-inference,original_skills,10,2,8,0,0,0.0,1.455876408,0.061002,219.606179,infra_error,infra_error
trend-anomaly-causal-inference,skillmoo,1,2,0,0,2,0.0,1.089197967,0.004733,17.037501,infra_error,docker_error
trend-anomaly-causal-inference,skillmoo,2,2,0,0,3,0.0,1.115348967,0.030884,111.181249,infra_error,docker_error
trend-anomaly-causal-inference,skillmoo,3,2,0,1,1,0.0,1.145231967,0.060767,218.759478,infra_error,docker_error
trend-anomaly-causal-inference,skillmoo,4,2,0,1,0,0.0,1.145244967,0.06078,218.808068,infra_error,docker_error
trend-anomaly-causal-inference,skillmoo,5,2,0,0,1,0.0,1.145247967,0.060783,218.820412,infra_error,docker_error
trend-anomaly-causal-inference,skillmoo,6,2,0,2,0,0.0,1.145259967,0.060795,218.863297,infra_error,docker_error
trend-anomaly-causal-inference,skillmoo,7,2,0,1,2,0.0,1.145260967,0.060796,218.865437,infra_error,docker_error
trend-anomaly-causal-inference,skillmoo,8,2,0,2,1,0.0,1.145261967,0.060797,218.870172,infra_error,docker_error
trend-anomaly-causal-inference,skillmoo,9,2,0,0,0,0.0,1.145289967,0.060825,218.971702,infra_error,docker_error
trend-anomaly-causal-inference,skillmoo,10,2,0,1,3,0.0,1.145321967,0.060857,219.085956,infra_error,docker_error
fix-build-agentops,skillmoo,1,full_statistical,0,0,0,0.7,0.7,0.7,591.2,fail,fail
fix-build-agentops,skillmoo,2,full_statistical,1,0,1,0.5,1.91,1.91,1014.6,fail,fail
fix-build-agentops,skillmoo,3,full_statistical,2,0,2,0.6,0.93,0.93,1115.1,timeout,timeout
fix-build-agentops,skillmoo,4,full_statistical,3,0,3,0.3,1.25,1.25,1430.3,timeout,timeout
fix-build-agentops,skillmoo,5,full_statistical,4,0,4,0.275,1.0,1.0,845.3,fail,fail
fix-build-agentops,skillmoo,6,full_statistical,5,0,5,0.275,0.87,0.87,886.8,fail,fail
fix-build-agentops,skillmoo,7,full_statistical,6,0,6,0.275,0.93,0.93,1107.9,fail,fail
fix-build-agentops,skillmoo,8,full_statistical,7,0,7,0.25,1.25,1.25,1378.6,timeout,timeout
fix-build-agentops,skillmoo,9,full_statistical,8,0,8,0.275,0.96,0.96,1399.4,timeout,timeout
fix-build-agentops,skillmoo,10,full_statistical,9,0,9,0.275,1.16,1.16,839.9,fail,fail
fix-build-agentops,original_skills,1,full_statistical,0,0,0,0.175,1.58,1.58,1383.6,timeout,timeout
fix-build-agentops,original_skills,2,full_statistical,1,0,1,0.1,1.0,1.0,1420.1,timeout,timeout
fix-build-agentops,original_skills,3,full_statistical,2,0,2,0.1,1.57,1.57,1420.1,timeout,timeout
fix-build-agentops,original_skills,4,full_statistical,3,0,3,0.3,2.56,2.56,1384.9,timeout,timeout
fix-build-agentops,original_skills,5,full_statistical,4,0,4,0.15,1.53,1.53,1141.7,fail,fail
fix-build-agentops,original_skills,6,full_statistical,5,0,5,0.1,1.43,1.43,1412.3,timeout,timeout
fix-build-agentops,original_skills,7,full_statistical,6,0,6,0.15,1.92,1.92,1382.0,timeout,timeout
fix-build-agentops,original_skills,8,full_statistical,7,0,7,0.3,1.43,1.43,1531.9,timeout,timeout
fix-build-agentops,original_skills,9,full_statistical,8,0,8,0.1,1.39,1.39,1432.5,timeout,timeout
fix-build-agentops,original_skills,10,full_statistical,9,0,9,0.125,1.73,1.73,1379.0,timeout,timeout
fix-build-agentops,no_skill,1,full_statistical,0,0,0,0.1,3.02,3.02,1300.8,fail,fail
fix-build-agentops,no_skill,2,full_statistical,1,0,1,0.1,0.81,0.81,959.8,fail,fail
fix-build-agentops,no_skill,3,full_statistical,2,0,2,0.1,0.95,0.95,836.4,fail,fail
fix-build-agentops,no_skill,4,full_statistical,3,0,3,0.1,0.86,0.86,855.4,fail,fail
fix-build-agentops,no_skill,5,full_statistical,4,0,4,0.1,0.89,0.89,1523.9,fail,fail
fix-build-agentops,no_skill,6,full_statistical,5,0,5,0.1,0.58,0.58,761.4,fail,fail
fix-build-agentops,no_skill,7,full_statistical,6,0,6,0.1,1.07,1.07,1115.2,fail,fail
fix-build-agentops,no_skill,8,full_statistical,7,0,7,0.1,0.52,0.52,671.2,fail,fail
fix-build-agentops,no_skill,9,full_statistical,8,0,8,0.1,1.04,1.04,1065.2,fail,fail
fix-build-agentops,no_skill,10,full_statistical,9,0,9,0.1,0.86,0.86,802.5,fail,fail
python-scala-translation,skillmoo,1,full_statistical,0,0,0,0.8065,0.87,0.87,864.5,fail,fail
python-scala-translation,skillmoo,2,full_statistical,1,0,1,0.5,0.95,0.95,953.3,timeout,timeout
python-scala-translation,skillmoo,3,full_statistical,2,0,2,0.5,0.71,0.71,421.2,fail,fail
python-scala-translation,skillmoo,4,full_statistical,3,0,3,0.5,1.18,1.18,647.0,fail,fail
python-scala-translation,skillmoo,5,full_statistical,4,0,4,0.5,1.44,1.44,853.4,fail,fail
python-scala-translation,skillmoo,6,full_statistical,5,0,5,0.5,1.18,1.18,647.0,fail,fail
python-scala-translation,skillmoo,7,full_statistical,6,0,6,0.325,0.87,0.87,366.3,fail,fail
python-scala-translation,skillmoo,8,full_statistical,7,0,7,0.5,0.95,0.95,424.0,fail,fail
python-scala-translation,skillmoo,9,full_statistical,8,0,8,0.5,1.45,1.45,500.5,fail,fail
python-scala-translation,skillmoo,10,full_statistical,9,0,9,0.5,0.98,0.98,446.6,fail,fail
python-scala-translation,original_skills,1,full_statistical,0,0,0,0.3,1.21,1.21,327.3,fail,fail
python-scala-translation,original_skills,2,full_statistical,1,0,1,0.5,1.23,1.23,447.5,fail,fail
python-scala-translation,original_skills,3,full_statistical,2,0,2,0.5,2.0,2.0,585.3,fail,fail
python-scala-translation,original_skills,4,full_statistical,3,0,3,0.3793,1.13,1.13,917.4,fail,fail
python-scala-translation,original_skills,5,full_statistical,4,0,4,0.3621,1.07,1.07,849.2,fail,fail
python-scala-translation,original_skills,6,full_statistical,5,0,5,0.3621,0.9,0.9,654.0,fail,fail
python-scala-translation,original_skills,7,full_statistical,6,0,6,0.3621,0.75,0.75,605.6,fail,fail
python-scala-translation,original_skills,8,full_statistical,7,0,7,0.3621,0.75,0.75,731.2,fail,fail
python-scala-translation,original_skills,9,full_statistical,8,0,8,0.3889,1.21,1.21,885.6,fail,fail
python-scala-translation,original_skills,10,full_statistical,9,0,9,0.3889,0.93,0.93,649.5,fail,fail
python-scala-translation,no_skill,1,full_statistical,0,0,0,0.3,1.34,1.34,628.3,fail,fail
python-scala-translation,no_skill,2,full_statistical,1,0,1,0.5,0.98,0.98,795.1,fail,fail
python-scala-translation,no_skill,3,full_statistical,2,0,2,0.3,1.02,1.02,523.2,fail,fail
python-scala-translation,no_skill,4,full_statistical,3,0,3,0.0,0.12,0.12,0.0,execution_error,execution_error
python-scala-translation,no_skill,5,full_statistical,4,0,4,0.5,0.78,0.78,379.1,fail,fail
python-scala-translation,no_skill,6,full_statistical,5,0,5,0.325,0.71,0.71,298.2,fail,fail
python-scala-translation,no_skill,7,full_statistical,6,0,6,0.5,0.75,0.75,353.7,fail,fail
python-scala-translation,no_skill,8,full_statistical,7,0,7,0.5,0.97,0.97,743.8,fail,fail
python-scala-translation,no_skill,9,full_statistical,8,0,8,0.45,0.93,0.93,451.6,fail,fail
python-scala-translation,no_skill,10,full_statistical,9,0,9,0.5,0.9,0.9,379.2,fail,fail
spring-boot-jakarta-migration,skillmoo,1,full_statistical,0,0,0,1.0,0.43,0.43,275.2,pass,none
spring-boot-jakarta-migration,skillmoo,2,full_statistical,1,0,1,1.0,0.38,0.38,279.1,pass,none
spring-boot-jakarta-migration,skillmoo,3,full_statistical,2,0,2,0.975,1.26,1.26,328.9,fail,fail
spring-boot-jakarta-migration,skillmoo,4,full_statistical,3,0,3,1.0,1.41,1.41,277.9,pass,none
spring-boot-jakarta-migration,skillmoo,5,full_statistical,4,0,4,0.975,1.32,1.32,309.7,fail,fail
spring-boot-jakarta-migration,skillmoo,6,full_statistical,5,0,5,1.0,1.82,1.82,366.7,pass,none
spring-boot-jakarta-migration,skillmoo,7,full_statistical,6,0,6,1.0,1.55,1.55,384.7,pass,none
spring-boot-jakarta-migration,skillmoo,8,full_statistical,7,0,7,1.0,1.65,1.65,327.1,pass,none
spring-boot-jakarta-migration,skillmoo,9,full_statistical,8,0,8,1.0,1.04,1.04,308.1,pass,none
spring-boot-jakarta-migration,skillmoo,10,full_statistical,9,0,9,0.975,1.59,1.59,316.3,fail,fail
spring-boot-jakarta-migration,original_skills,1,full_statistical,0,0,0,0.975,1.27,1.27,969.3,fail,fail
spring-boot-jakarta-migration,original_skills,2,full_statistical,1,0,1,0.975,1.36,1.36,480.2,fail,fail
spring-boot-jakarta-migration,original_skills,3,full_statistical,2,0,2,0.975,2.0432,2.0432,345.6,fail,fail
spring-boot-jakarta-migration,original_skills,4,full_statistical,3,0,3,0.975,1.6352,1.6352,320.1,fail,fail
spring-boot-jakarta-migration,original_skills,5,full_statistical,4,0,4,0.975,1.8871,1.8871,399.0,fail,fail
spring-boot-jakarta-migration,original_skills,6,full_statistical,5,0,5,0.975,1.7436,1.7436,315.1,fail,fail
spring-boot-jakarta-migration,original_skills,7,full_statistical,6,0,6,0.975,1.528,1.528,323.5,fail,fail
spring-boot-jakarta-migration,original_skills,8,full_statistical,7,0,7,0.975,1.39,1.39,355.7,fail,fail
spring-boot-jakarta-migration,original_skills,9,full_statistical,8,0,8,0.975,1.39,1.39,319.5,fail,fail
spring-boot-jakarta-migration,original_skills,10,full_statistical,9,0,9,0.975,1.26,1.26,692.4,fail,fail
spring-boot-jakarta-migration,no_skill,1,full_statistical,0,0,0,0.9,1.34,1.34,981.2,fail,fail
spring-boot-jakarta-migration,no_skill,2,full_statistical,1,0,1,0.9,1.6689,1.6689,345.5,fail,fail
spring-boot-jakarta-migration,no_skill,3,full_statistical,2,0,2,0.925,1.06,1.06,1382.4,fail,fail
spring-boot-jakarta-migration,no_skill,4,full_statistical,3,0,3,0.925,1.0928,1.0928,360.8,fail,fail
spring-boot-jakarta-migration,no_skill,5,full_statistical,4,0,4,0.925,0.92,0.92,448.1,fail,fail
spring-boot-jakarta-migration,no_skill,6,full_statistical,5,0,5,0.9,0.91,0.91,410.1,fail,fail
spring-boot-jakarta-migration,no_skill,7,full_statistical,6,0,6,0.9,1.23,1.23,1827.6,fail,fail
spring-boot-jakarta-migration,no_skill,8,full_statistical,7,0,7,0.925,1.1527,1.1527,319.2,fail,fail
spring-boot-jakarta-migration,no_skill,9,full_statistical,8,0,8,0.9,1.1272,1.1272,295.3,fail,fail
spring-boot-jakarta-migration,no_skill,10,full_statistical,9,0,9,0.9,0.91,0.91,484.7,fail,fail
